제목,링크주소
"한은 총재 ""DSR 규제, 중장기적으로는 확대돼야""",https://v.daum.net/v/20241011120352183
여당 당원 전화번호 유출…이준석·노종면 SNS서 ‘갑론을박’ [핫 이슈],https://v.daum.net/v/20241011103320918
적자 지역농협 2배 급증…직접규제 논의 가속,https://v.daum.net/v/20241011120118089
"""한강 책, 지금 살 수 있나요?""...교보문고 ""배송중""",https://v.daum.net/v/20241011113433745
"메리츠화재 등 대주단, KB신탁 상대 1백억대 손배소송",https://v.daum.net/v/20241011120013036
'서울 분양' 역대 최고 경쟁률 경신,https://v.daum.net/v/20241011115115678
"[단독] ""손회장님 차량구입비""…손태승, 처남 법인차 몰았다",https://v.daum.net/v/20241011115218725
"北 “방위비 협상, 韓 식민지 하수인 비굴함 느껴”",https://v.daum.net/v/20241011115509831
‘블랙리스트’에 한강도 있었다… 노벨상 이전에 ‘수난’,https://v.daum.net/v/20241011113415728
"""디지털 헬스케어 아직 시작 단계, 슈퍼 앱 선점 과제 남아""",https://v.daum.net/v/20241011115457819
“지금이라도 ‘채식주의자’ 읽어볼래” 이례적인 ‘서점 오픈런’,https://v.daum.net/v/20241011114902582
윤석열-이재명 시대 ‘전쟁’이 된 정치…민생도 통합도 사라졌다 [유창선의 시시비비],https://v.daum.net/v/20241011110002026
"""AI 과대광고에 당했나""…노벨 과학상 몰아준 AI 둘러싼 논쟁 점화",https://v.daum.net/v/20241011114813547
'블랙리스트' '대통령 축전 거부'‥한강 수난사 재조명,https://v.daum.net/v/20241011115712916
"야당 ""한동훈 장관 때 김건희 수사 멈춰‥대통령에 특검 수용 건의하라""",https://v.daum.net/v/20241011114908591
"파이토뉴트리 그로우랩, 유기농 100% 비타민D 원료 적용 투데이디3 포베이비 출시",https://v.daum.net/v/20241011113701900
외국인 엑소더스에… 맥 못추는 코스피,https://v.daum.net/v/20241011113610837
노벨문학상 ‘한강’ 블랙리스트…윤 임명 문체부 1차관이 전달,https://v.daum.net/v/20241011113023496
"“배춧값 안정된다더니” “이례적 고온이라”… ‘금배추’에 양배추, 양상추 등 ‘대체 김치’ 수요↑",https://v.daum.net/v/20241011105156709
부동산 열기도 못 말린 내수 부진…38개월 만에 '피벗'(종합),https://v.daum.net/v/20241011105516846
